Species,Mut,ObsNum,ExpNum,MutSpec
Reticulitermes_lucifugus,A>C,0.0,15.9256299154626,0.0
Reticulitermes_lucifugus,A>G,5.65907823,39.99969658959243,0.1381069870476056
Reticulitermes_lucifugus,A>T,0.0,15.9256299154626,0.0
Reticulitermes_lucifugus,C>A,0.0,10.38914582423038,0.0
Reticulitermes_lucifugus,C>G,0.0,10.38914582423038,0.0
Reticulitermes_lucifugus,C>T,5.43886339,15.309767979714604,0.346789701493413
Reticulitermes_lucifugus,G>A,6.09247919,56.97241318143077,0.1043893250191838
Reticulitermes_lucifugus,G>C,0.0,12.816839885380531,0.0
Reticulitermes_lucifugus,G>T,3.97465854,12.816839885380531,0.3027230678936984
Reticulitermes_lucifugus,T>A,0.99999946,59.5855539780524,0.0163826983328377
Reticulitermes_lucifugus,T>C,3.93703044,87.09694555319018,0.0441257904403354
Reticulitermes_lucifugus,T>G,2.89832622,59.5855539780524,0.0474824297729259
Coptotermes_acinaciformis,A>C,0.0,30.7493520013988,0.0
Coptotermes_acinaciformis,A>G,33.5384107,84.88260306399316,0.229624516500275
Coptotermes_acinaciformis,A>T,0.0,30.7493520013988,0.0
Coptotermes_acinaciformis,C>A,0.9999812,10.860171991586686,0.0535118046678529
Coptotermes_acinaciformis,C>G,0.0,10.860171991586686,0.0
Coptotermes_acinaciformis,C>T,15.23192464,18.565032674868903,0.4768189753171572
Coptotermes_acinaciformis,G>A,38.17767563,171.5757339109356,0.1293147558352842
Coptotermes_acinaciformis,G>C,0.0,26.880347366134327,0.0
Coptotermes_acinaciformis,G>T,2.75041223,26.880347366134327,0.0594644463206561
Coptotermes_acinaciformis,T>A,2.71901287,208.6126061164464,0.0075746955224393
Coptotermes_acinaciformis,T>C,21.06158143,280.1530714675163,0.0436908058363351
Coptotermes_acinaciformis,T>G,0.0,208.6126061164464,0.0
Reticulitermes_urbis,A>C,0.0,16.452971599318765,0.0
Reticulitermes_urbis,A>G,0.99804044,46.905619301579215,0.0485905386122381
Reticulitermes_urbis,A>T,0.99781036,16.452971599318765,0.1384943668796633
Reticulitermes_urbis,C>A,0.0,5.090385350314054,0.0
Reticulitermes_urbis,C>G,0.0,5.090385350314054,0.0
Reticulitermes_urbis,C>T,2.84228024,10.173560398546131,0.6380024941945154
Reticulitermes_urbis,G>A,3.98779308,70.08610798012127,0.1299358885054029
Reticulitermes_urbis,G>C,0.0,12.544440161098134,0.0
Reticulitermes_urbis,G>T,0.0,12.544440161098134,0.0
Reticulitermes_urbis,T>A,0.0,83.90380736372687,0.0
Reticulitermes_urbis,T>C,0.9260427,118.8181485100226,0.0177982244952605
Reticulitermes_urbis,T>G,0.99856997,83.90380736372687,0.0271784873129196
Coptotermes_gestroi,A>C,0.0,15.72998986953927,0.0
Coptotermes_gestroi,A>G,7.59241366,45.81590276710766,0.2646074265323265
Coptotermes_gestroi,A>T,0.0,15.72998986953927,0.0
Coptotermes_gestroi,C>A,0.0,13.112364322023907,0.0
Coptotermes_gestroi,C>G,0.0,13.112364322023907,0.0
Coptotermes_gestroi,C>T,1.81312949,18.123873522370747,0.1597409321637231
Coptotermes_gestroi,G>A,10.6543786,124.3939137860518,0.1367626189109879
Coptotermes_gestroi,G>C,1.9999198,20.93425051576084,0.1525434550314017
Coptotermes_gestroi,G>T,2.9192609,20.93425051576084,0.2226660008186725
Coptotermes_gestroi,T>A,0.96315944,142.53239833187197,0.0107900388464319
Coptotermes_gestroi,T>C,4.81498832,184.430814578822,0.0416869545816636
Coptotermes_gestroi,T>G,0.9999838,142.53239833187197,0.0112025731147925
Reticulitermes_banyulensis,A>C,0.0,16.328703191545273,0.0
Reticulitermes_banyulensis,A>G,6.818075739999999,48.3729626490838,0.1628631511420652
Reticulitermes_banyulensis,A>T,0.0,16.328703191545273,0.0
Reticulitermes_banyulensis,C>A,0.0,11.389302608039644,0.0
Reticulitermes_banyulensis,C>G,0.0,11.389302608039644,0.0
Reticulitermes_banyulensis,C>T,10.36279589,21.9975415137079,0.54433529770707
Reticulitermes_banyulensis,G>A,8.94209555,78.02709218073223,0.132421219406119
Reticulitermes_banyulensis,G>C,0.9988287,14.107352362738716,0.081810528424748
Reticulitermes_banyulensis,G>T,0.0,14.107352362738716,0.0
Reticulitermes_banyulensis,T>A,0.9911427,89.29195917563305,0.012825890672215
Reticulitermes_banyulensis,T>C,7.14067862,125.5011309410135,0.0657439126477824
Reticulitermes_banyulensis,T>G,0.0,89.29195917563305,0.0
Reticulitermes_flavipes,A>C,0.0,18.14886824452342,0.0
Reticulitermes_flavipes,A>G,9.50795645,46.09670622713673,0.1265222934785281
Reticulitermes_flavipes,A>T,0.8840499,18.14886824452342,0.0298797526610021
Reticulitermes_flavipes,C>A,0.0,4.2877018100176105,0.0
Reticulitermes_flavipes,C>G,0.0,4.2877018100176105,0.0
Reticulitermes_flavipes,C>T,9.94601605,10.082573542992272,0.6051005167970614
Reticulitermes_flavipes,G>A,10.90911491,56.86986612442594,0.1176676491991576
Reticulitermes_flavipes,G>C,0.0,19.875724068054787,0.0
Reticulitermes_flavipes,G>T,1.95489276,19.875724068054787,0.0603322811107244
Reticulitermes_flavipes,T>A,0.93168825,64.80327523614352,0.0088190829769279
Reticulitermes_flavipes,T>C,6.47919216,92.729324791867,0.0428601344987511
Reticulitermes_flavipes,T>G,0.9316044,64.80327523614352,0.0088182892778471
Reticulitermes_grassei,A>C,0.0,15.039003598193329,0.0
Reticulitermes_grassei,A>G,0.9106398,54.9448251798749,0.1207000849185639
Reticulitermes_grassei,A>T,0.0,15.039003598193329,0.0
Reticulitermes_grassei,C>A,0.0,7.915264012912909,0.0
Reticulitermes_grassei,C>G,0.0,7.915264012912909,0.0
Reticulitermes_grassei,C>T,1.9993965,18.954880513250828,0.7681846425137
Reticulitermes_grassei,G>A,0.0,69.03307162411511,0.0
Reticulitermes_grassei,G>C,0.0,12.997693821787834,0.0
Reticulitermes_grassei,G>T,0.0,12.997693821787834,0.0
Reticulitermes_grassei,T>A,0.0,95.27844312724967,0.0
Reticulitermes_grassei,T>C,1.9990254,131.01840272421637,0.1111152725677361
Reticulitermes_grassei,T>G,0.0,95.27844312724967,0.0
Reticulitermes_speratus,A>C,0.0,13.328937980863785,0.0
Reticulitermes_speratus,A>G,7.99080146,37.65445148944855,0.1418405776386637
Reticulitermes_speratus,A>T,1.9953627,13.328937980863785,0.1000582214398086
Reticulitermes_speratus,C>A,0.99957657,7.878895428445604,0.0847963596006657
Reticulitermes_speratus,C>G,0.0,7.878895428445604,0.0
Reticulitermes_speratus,C>T,7.98545761,13.541903926266563,0.3941364103307829
Reticulitermes_speratus,G>A,6.95147235,55.97958497868644,0.0829991418049438
Reticulitermes_speratus,G>C,0.0,12.60717480050193,0.0
Reticulitermes_speratus,G>T,1.99962976,12.60717480050193,0.1060127972096043
Reticulitermes_speratus,T>A,1.9961424,63.3767738516132,0.0210517337265093
Reticulitermes_speratus,T>C,7.98896668,91.09073991990752,0.058619600804773
Reticulitermes_speratus,T>G,0.9942111,63.3767738516132,0.0104851574442484
Coptotermes_heimi,A>C,0.9961245,23.98863076716661,0.3076964542149744
Coptotermes_heimi,A>G,1.9622593,54.413117811083794,0.2672188646687536
Coptotermes_heimi,A>T,0.0,23.98863076716661,0.0
Coptotermes_heimi,C>A,0.0,8.23709470629692,0.0
Coptotermes_heimi,C>G,0.0,8.23709470629692,0.0
Coptotermes_heimi,C>T,0.0,17.067333549261093,0.0
Coptotermes_heimi,G>A,2.7015149000000003,71.1082644816488,0.2815150501532298
Coptotermes_heimi,G>C,0.0,15.398310458660124,0.0
Coptotermes_heimi,G>T,0.0,15.398310458660124,0.0
Coptotermes_heimi,T>A,0.8745446,82.15504673346877,0.0788791178690532
Coptotermes_heimi,T>C,0.9749677,111.67705734595656,0.0646905130939886
Coptotermes_heimi,T>G,0.0,82.15504673346877,0.0
Reticulitermes_virginicus,A>C,0.0,11.55627809532664,0.0
Reticulitermes_virginicus,A>G,2.87211815,34.755165383897044,0.0778031480733976
Reticulitermes_virginicus,A>T,0.9998612,11.55627809532664,0.0814584157027733
Reticulitermes_virginicus,C>A,0.875418,3.647924740206112,0.2259351646962649
Reticulitermes_virginicus,C>G,0.0,3.647924740206112,0.0
Reticulitermes_virginicus,C>T,2.8725806,6.533752471208572,0.4139270168497064
Reticulitermes_virginicus,G>A,5.3624563,60.42180226472291,0.0835572846877277
Reticulitermes_virginicus,G>C,0.0,11.635911256074904,0.0
Reticulitermes_virginicus,G>T,0.9671826,11.635911256074904,0.0782568391100029
Reticulitermes_virginicus,T>A,0.9998612,69.75619458610362,0.0134949463721678
Reticulitermes_virginicus,T>C,2.7495165,101.24827959727158,0.025567184507959
Reticulitermes_virginicus,T>G,0.0,69.75619458610362,0.0
Hypotermes_makhamensis,A>C,0.0,10.421801774038208,0.0
Hypotermes_makhamensis,A>G,11.30892131,24.542528428965145,0.3530490829646266
Hypotermes_makhamensis,A>T,1.40527185,10.421801774038208,0.1033119946402824
Hypotermes_makhamensis,C>A,0.0,5.989199353588952,0.0
Hypotermes_makhamensis,C>G,0.0,5.989199353588952,0.0
Hypotermes_makhamensis,C>T,6.21115121,11.903843418591553,0.3997772764734685
Hypotermes_makhamensis,G>A,3.47771031,53.08981812869509,0.0501897894305424
Hypotermes_makhamensis,G>C,0.0,17.501503504398798,0.0
Hypotermes_makhamensis,G>T,0.54271686,17.501503504398798,0.0237591643984267
Hypotermes_makhamensis,T>A,1.66195985,60.05917093137072,0.0212018815222622
Hypotermes_makhamensis,T>C,2.82357845,75.67150662984285,0.0285891133171873
Hypotermes_makhamensis,T>G,1.57728704,60.05917093137072,0.0201216972532036
Trinervitermes_occidentalis,A>C,0.0,34.274299957686,0.0
Trinervitermes_occidentalis,A>G,10.9735824,99.78631343940894,0.421231109033654
Trinervitermes_occidentalis,A>T,0.0,34.274299957686,0.0
Trinervitermes_occidentalis,C>A,0.0,12.539586007595062,0.0
Trinervitermes_occidentalis,C>G,0.0,12.539586007595062,0.0
Trinervitermes_occidentalis,C>T,0.9997171,17.512777162922752,0.218657856090345
Trinervitermes_occidentalis,G>A,6.87568318,100.11830833223132,0.2630542607576904
Trinervitermes_occidentalis,G>C,0.0,21.42417535516951,0.0
Trinervitermes_occidentalis,G>T,0.0,21.42417535516951,0.0
Trinervitermes_occidentalis,T>A,0.0,141.25976926336685,0.0
Trinervitermes_occidentalis,T>C,4.99951565,197.3081688971983,0.0970567741183105
Trinervitermes_occidentalis,T>G,0.0,141.25976926336685,0.0
Odontotermes_latericius,A>C,0.0,15.972139994303385,0.0
Odontotermes_latericius,A>G,1.98428875,34.05189464489619,0.3414649512003692
Odontotermes_latericius,A>T,0.0,15.972139994303385,0.0
Odontotermes_latericius,C>A,0.0,5.878440929783715,0.0
Odontotermes_latericius,C>G,0.0,5.878440929783715,0.0
Odontotermes_latericius,C>T,0.9843946,9.871475928359562,0.584345462419553
Odontotermes_latericius,G>A,0.98441434,77.7530664338006,0.0741895863800775
Odontotermes_latericius,G>C,0.0,29.94775915145874,0.0
Odontotermes_latericius,G>T,0.0,29.94775915145874,0.0
Odontotermes_latericius,T>A,0.0,73.98225461112128,0.0
Odontotermes_latericius,T>C,0.0,97.94046460257636,0.0
Odontotermes_latericius,T>G,0.0,73.98225461112128,0.0
Odontotermes_longignathus,A>C,0.966628,10.777200601994991,0.2231148386141801
Odontotermes_longignathus,A>G,0.43686,21.020580040911835,0.0516978683207781
Odontotermes_longignathus,A>T,0.0,10.777200601994991,0.0
Odontotermes_longignathus,C>A,0.0,5.443511813879013,0.0
Odontotermes_longignathus,C>G,0.0,5.443511813879013,0.0
Odontotermes_longignathus,C>T,1.9999446,9.405851890643438,0.528925956434958
Odontotermes_longignathus,G>A,4.2677565600000005,54.09285907447338,0.1962613366300837
Odontotermes_longignathus,G>C,0.0,15.799332345525425,0.0
Odontotermes_longignathus,G>T,0.0,15.799332345525425,0.0
Odontotermes_longignathus,T>A,0.0,67.69957568744819,0.0
Odontotermes_longignathus,T>C,0.0,82.88413318494956,0.0
Odontotermes_longignathus,T>G,0.0,67.69957568744819,0.0
Trinervitermes_geminatus,A>C,0.0,35.03434365637162,0.0
Trinervitermes_geminatus,A>G,3.84557182,108.12817332674476,0.6410536087630957
Trinervitermes_geminatus,A>T,0.0,35.03434365637162,0.0
Trinervitermes_geminatus,C>A,0.0,6.004428218392765,0.0
Trinervitermes_geminatus,C>G,0.0,6.004428218392765,0.0
Trinervitermes_geminatus,C>T,0.0,10.026987678864424,0.0
Trinervitermes_geminatus,G>A,0.97809297,95.01332074403764,0.1855529781905431
Trinervitermes_geminatus,G>C,0.0,27.394515195313623,0.0
Trinervitermes_geminatus,G>T,0.0,27.394515195313623,0.0
Trinervitermes_geminatus,T>A,0.0,137.7398786755169,0.0
Trinervitermes_geminatus,T>C,1.93395811,201.04198174967485,0.1733934130463612
Trinervitermes_geminatus,T>G,0.0,137.7398786755169,0.0
Hypotermes_xenotermitis,A>C,0.0,36.67740248516202,0.0
Hypotermes_xenotermitis,A>G,0.9995352,67.65896958392113,0.1819355213128518
Hypotermes_xenotermitis,A>T,0.0,36.67740248516202,0.0
Hypotermes_xenotermitis,C>A,0.0,14.233962010592222,0.0
Hypotermes_xenotermitis,C>G,0.0,14.233962010592222,0.0
Hypotermes_xenotermitis,C>T,0.0,23.70241853967309,0.0
Hypotermes_xenotermitis,G>A,0.9995652,47.7073259241879,0.2580303784187033
Hypotermes_xenotermitis,G>C,0.0,25.79220721498132,0.0
Hypotermes_xenotermitis,G>T,0.0,25.79220721498132,0.0
Hypotermes_xenotermitis,T>A,0.0,8.151605806313455,0.0
Hypotermes_xenotermitis,T>C,0.9995952,21.98135580401868,0.5600341002684449
Hypotermes_xenotermitis,T>G,0.0,8.151605806313455,0.0
Trinervitermes_trinervoides,A>C,0.0,22.11763079298867,0.0
Trinervitermes_trinervoides,A>G,0.9998333,55.844884395599365,0.5007026430300251
Trinervitermes_trinervoides,A>T,0.0,22.11763079298867,0.0
Trinervitermes_trinervoides,C>A,0.0,3.980984926223755,0.0
Trinervitermes_trinervoides,C>G,0.0,3.980984926223755,0.0
Trinervitermes_trinervoides,C>T,0.0,9.952462315559387,0.0
Trinervitermes_trinervoides,G>A,0.9575228,53.63219107521905,0.4992973569699748
Trinervitermes_trinervoides,G>C,0.0,16.69697223769294,0.0
Trinervitermes_trinervoides,G>T,0.0,16.69697223769294,0.0
Trinervitermes_trinervoides,T>A,0.0,75.63871359825134,0.0
Trinervitermes_trinervoides,T>C,0.0,105.4961005449295,0.0
Trinervitermes_trinervoides,T>G,0.0,75.63871359825134,0.0
