	Species	Organism	A>C_MutSpec	A>G_MutSpec	A>T_MutSpec	C>A_MutSpec	C>G_MutSpec	C>T_MutSpec	G>A_MutSpec	G>C_MutSpec	G>T_MutSpec	T>A_MutSpec	T>C_MutSpec	T>G_MutSpec	A>C_ObsNum	A>G_ObsNum	A>T_ObsNum	C>A_ObsNum	C>G_ObsNum	C>T_ObsNum	G>A_ObsNum	G>C_ObsNum	G>T_ObsNum	T>A_ObsNum	T>C_ObsNum	T>G_ObsNum
0	Anacanthotermes_ochraceus	termite	0.133674	0.0839456	0.0	0.0	0.0	0.555344	0.10084	0.0	0.0	0.031806	0.0943907	0.0	0.978639	2.1294	0.869896	0.0	0.0	2.47807	3.83426	0.0	0.0	1.7824	7.05318	0.614683
1	Ancistrotermes_pakistanicus	termite	0.0	0.283925	0.0	0.0	0.0	0.341128	0.0979452	0.0688064	0.0	0.0	0.16167	0.0465256	0.361689	7.48026	0.0	0.0	0.0	4.26063	6.00157	0.99998	0.728163	0.842672	13.042	2.73753
2	Anoplotermes_janus	termite	0.0	0.118493	0.0833402	0.0	0.0	0.565912	0.113268	0.0	0.0	0.0596738	0.0593131	0.0	0.0	2.7774	0.998809	0.0	0.0	2.46092	2.5063	0.0	0.773485	1.91989	2.56542	0.0
3	Compositermes_vindai	termite	0.0	0.170842	0.0	0.0	0.0	0.551858	0.155997	0.0	0.0613538	0.0	0.0599492	0.0	0.640603	10.2892	0.0	0.0	0.0	4.28405	8.04737	0.0	0.941842	0.640454	6.06652	0.821346
4	Coptotermes_acinaciformis	termite	0.0338456	0.240801	0.0	0.0477904	0.0	0.459008	0.1652	0.0	0.0	0.00847752	0.0409991	0.00387879	1.93763	38.0244	0.0	0.96921	0.0	15.8808	52.3606	0.0	0.73625	3.28781	21.3518	1.5043
5	Coptotermes_frenchi	termite	0.0	0.411165	0.0	0.0	0.0	0.0	0.460303	0.0	0.0	0.0665692	0.0619631	0.0	0.0	2.18418	0.0	0.0	0.0	0.485206	5.46678	0.0	0.0	0.927259	1.13893	0.0
6	Coptotermes_gestroi	termite	0.0	0.219649	0.120727	0.0	0.0	0.191733	0.116487	0.103984	0.207966	0.0	0.0394544	0.0	0.0	4.41751	0.99879	0.0	0.0	1.61011	6.20037	0.999641	1.99926	0.0	3.29795	0.305881
7	Coptotermes_heimi	termite	0.118938	0.319283	0.18266	0.0	0.0	0.160703	0.147217	0.0	0.0	0.0	0.071199	0.0	0.947616	5.73709	1.45531	0.0	0.0	0.960428	3.84492	0.0	0.0	0.832622	2.88535	0.0
8	Cryptotermes_havilandi	termite	0.0	0.176287	0.0	0.0	0.0	0.244428	0.31587	0.0	0.12847	0.0	0.134945	0.0	0.0	3.9951	0.0	0.0	0.0	0.998425	7.99052	0.0	0.998635	0.0	5.99181	0.0
9	Heterotermes_tenuis	termite	0.0	0.22347	0.0	0.0	0.0	0.507216	0.152867	0.0	0.0	0.0	0.116447	0.0	0.0	6.19812	0.0	0.0	0.0	5.25088	8.43079	0.0	0.85242	0.854491	9.48065	0.861906
10	Macrotermes_subhyalinus	termite	0.0	0.133294	0.0737402	0.0	0.0	0.406241	0.153177	0.0	0.194908	0.0	0.0243731	0.0142667	0.0	3.33671	0.94366	0.0	0.0	3.32151	9.38676	0.782098	2.7666	0.885946	2.25298	0.999965
11	Microcerotermes_parvus	termite	0.0	0.108156	0.0	0.0	0.0	0.628843	0.169528	0.0	0.0	0.0381833	0.0552892	0.0	0.0	1.93015	0.0	0.0	0.0	2.97469	3.87505	0.0	0.0	0.979827	1.94183	0.0
12	Nasutitermes_matangensis	termite	0.0	0.263489	0.0	0.0	0.0	0.451251	0.10517	0.0	0.0748701	0.0	0.10522	0.0	0.0	10.238	0.0	0.800716	0.0	6.24244	5.84659	0.0	1.19742	0.501498	8.17013	0.0
13	Neotermes_holmgreni	termite	0.0	0.16181	0.0	0.0	0.0	0.316418	0.255112	0.0	0.0	0.0	0.195677	0.0709839	0.0	1.99955	0.0	0.0	0.0	0.999984	2.99931	0.0	0.0	0.690818	5.07649	1.29545
14	Odontotermes_obesus	termite	0.0	0.296083	0.0	0.0	0.0	0.425275	0.114394	0.0	0.0745601	0.0410637	0.0486247	0.0	0.0	5.83487	0.38621	0.0	0.0	4.67781	6.41284	0.0	1.42331	2.18566	3.28833	0.850192
15	Psammotermes_hypostoma	termite	0.0	0.0410117	0.176159	0.260886	0.0	0.354858	0.0987104	0.0	0.0	0.0277687	0.0406068	0.0	0.0	0.971372	1.94307	0.999927	0.0	2.85378	2.94366	0.0	0.0	0.999982	1.94369	0.0
16	Reticulitermes_banyulensis	termite	0.133528	0.181269	0.0	0.0	0.0	0.478204	0.140245	0.0	0.0	0.0	0.0667536	0.0	0.909597	3.6484	0.0	0.0	0.0	4.35355	4.54404	0.0	0.0	0.0	3.45039	0.0
17	Reticulitermes_lucifugus	termite	0.0	0.297881	0.0	0.0	0.0	0.185547	0.191293	0.0	0.160506	0.0	0.13661	0.0281633	0.0	8.93062	0.0	0.0	0.0	1.1982	9.2134	0.0	1.54877	0.0	11.7756	1.71146
18	Reticulitermes_nelsonae	termite	0.0	0.238306	0.0	0.0	0.0	0.303843	0.24034	0.0	0.0	0.0	0.217512	0.0	0.0	3.28019	0.0	0.0	0.0	1.29996	5.88798	0.0	0.650199	0.0	8.58047	0.650674
19	Reticulitermes_speratus	termite	0.0	0.192208	0.0	0.0	0.0	0.652668	0.125054	0.0	0.0	0.0	0.03007	0.0	0.0	3.43092	0.0	0.0	0.0	2.72303	3.35966	0.0	0.0	0.0	1.43675	0.0
20	Zootermopsis_nevadensis	termite	0.0	0.164181	0.0	0.0	0.0	0.424851	0.280208	0.0	0.0	0.0224267	0.0879132	0.0204203	0.0	7.57009	0.340181	0.0	0.0	4.64524	10.9965	0.0	0.737349	1.50808	9.09941	1.37316
0	Arenivaga_floridensis	cockroach	0.00294056	0.0954574	0.0229919	0.182465	0.0	0.302165	0.351471	0.0	0.0	0.00960416	0.0299343	0.00297044	0.944306	98.5346	7.38342	1.65546	0.0	8.58174	68.2984	0.0	0.0	4.83922	30.6377	1.49671
1	Blattella_bisignata	cockroach	0.0	0.123049	0.0271675	0.0	0.0	0.0	0.586627	0.0	0.0	0.098073	0.165083	0.0	0.0	15.0821	1.32657	0.0	0.0	0.0	10.8622	0.0	0.810254	4.92972	15.9032	0.0
2	Blattella_germanica	cockroach	0.0263495	0.0384694	0.0255054	0.0	0.0	0.556573	0.194055	0.0	0.0713324	0.0228012	0.0383896	0.0265252	2.87028	10.0602	2.77833	0.0	0.0	11.0204	8.07033	0.0	0.933654	2.52131	8.06113	2.9331
3	Blattella_lituricollis	cockroach	0.0	0.351663	0.0	0.0	0.0	0.0	0.534092	0.0	0.0	0.0	0.114245	0.0	0.0	10.778	0.0	0.0	0.0	0.0	1.95913	0.0	0.0	0.0	2.91393	0.0
4	Blattella_nipponica	cockroach	0.0	0.0476964	0.0	0.0	0.0	0.728252	0.14477	0.0	0.0	0.0239816	0.046218	0.00908257	0.0	9.55726	0.0	0.667679	0.0	8.27178	5.97654	0.0	0.0	2.44976	8.38309	0.927799
5	Cryptocercus_punctulatus	cockroach	0.0120905	0.15681	0.0303792	0.0	0.0	0.311909	0.312763	0.0	0.101506	0.0266119	0.0412424	0.00668851	1.74344	86.7147	4.38066	0.398834	0.0	7.80117	92.2098	0.0	6.85734	14.6713	37.7587	3.68742
6	Episymploce_potanini	cockroach	0.0	0.241714	0.0	0.0	0.0	0.0	0.504924	0.0	0.0	0.0	0.253362	0.0	0.0	8.29029	0.76536	0.0	0.441933	0.413504	2.49493	0.0	0.0	0.41765	7.20723	0.0
7	Eupolyphaga_sinensis	cockroach	0.0	0.0512762	0.0	0.0	0.167352	0.463358	0.149181	0.0	0.0	0.0773042	0.0713105	0.0202175	0.0	5.62362	0.53157	0.0	0.91329	5.81989	5.69081	0.0	0.0	3.75006	6.06335	0.980758
8	Geoscapheus_dilatatus	cockroach	0.00461265	0.0636237	0.0164285	0.14396	0.0	0.432348	0.250317	0.0	0.0205816	0.0198002	0.0389165	0.00941233	1.84599	67.1274	6.5747	2.70838	0.0	17.6162	54.0781	0.0	1.66582	9.85591	35.8551	4.68516
9	Hebardina_concinna	cockroach	0.0	0.0454964	0.0658822	0.0	0.0	0.506945	0.301464	0.0	0.0	0.0217694	0.0584433	0.0	0.0	3.9492	1.94956	0.0	0.0	0.999961	2.90406	0.0	0.0	0.986754	4.888	0.0
10	Margattea_bisignata	cockroach	0.0	0.169183	0.0	0.0	0.0	0.415063	0.231474	0.0	0.0	0.0765668	0.107713	0.0	0.0	5.78379	0.0	0.0	0.0	1.37042	2.95106	0.0	0.0	1.741	4.10228	0.0
11	Nocticola_quartermainei	cockroach	0.0	0.156755	0.0401575	0.0	0.0	0.512539	0.179988	0.0	0.0	0.029078	0.0814819	0.0	0.0	38.2723	3.74254	0.0	0.0	11.7088	28.4959	0.0	0.779316	4.65167	22.5934	0.648844
12	Panchlora_nivea	cockroach	0.0	0.151916	0.0517057	0.0	0.0	0.249211	0.230413	0.0	0.0	0.0655411	0.21477	0.0364441	0.0	10.7202	1.49382	0.0	0.0	1.48093	4.28911	0.0	0.674475	2.42933	13.8562	1.35083
13	Panesthia_tryoni	cockroach	0.0	0.100097	0.0607528	0.0	0.0	0.333869	0.352828	0.0	0.0403247	0.0548019	0.0445932	0.0127333	0.799997	45.182	9.97069	0.343941	0.0	1.96971	26.6418	0.0	1.34254	12.3679	18.2108	2.8737
14	Periplaneta_americana	cockroach	0.0506117	0.103457	0.0	0.0	0.0	0.474561	0.170003	0.0	0.123837	0.0	0.0416373	0.035893	0.999809	6.22708	0.358312	0.0	0.0	1.67711	3.78752	0.0	0.999516	0.677615	3.18947	1.71322
15	Pseudothyrsocera_sinensis	cockroach	0.0	0.077399	0.0	0.0	0.0	0.0	0.758709	0.0	0.0	0.052501	0.0587462	0.0526444	0.0	2.98636	0.0	0.0	0.0	0.0	6.96197	0.0	0.0	0.994558	1.99455	0.997275
16	Rhabdoblatta_marginata	cockroach	0.0	0.109349	0.323376	0.0	0.0	0.0	0.365633	0.0	0.0	0.0	0.201642	0.0	0.0	1.86639	1.97416	0.0	0.0	0.308237	1.39778	0.0	0.0	0.592385	3.38211	0.711137
17	Rhabdoblatta_nigrovittata	cockroach	0.0	0.110211	0.0411995	0.0	0.0	0.343151	0.414085	0.0	0.0	0.0	0.057621	0.0337328	0.0	6.32746	0.999937	0.0	0.0	0.909251	7.47254	0.0	0.887449	0.0	2.90775	0.906242
18	Sigmella_schenklingi	cockroach	0.0	0.0608233	0.0444908	0.0526177	0.0	0.621241	0.117935	0.00900096	0.0272985	0.0218614	0.0274435	0.0172881	0.0	19.3371	4.96006	0.999961	0.0	18.7094	39.1985	0.970886	2.94455	7.4947	13.7691	5.92684
